{
	"1": {
		"geo_coord": [
			121.54026281917675,
			25.012364685321245
		],
		"img_coord": [
			5924,
			2418
		],
		"edges": {
			"2": 28.133623090558125
		}
	},
	"2": {
		"geo_coord": [
			121.5404747956079,
			25.012529348340735
		],
		"img_coord": [
			5526,
			2403
		],
		"edges": {
			"1": 28.133623090558125,
			"3": 25.19794381970202
		}
	},
	"3": {
		"geo_coord": [
			121.54066508539978,
			25.012676370812898
		],
		"img_coord": [
			5176,
			2381
		],
		"edges": {
			"2": 25.19794381970202,
			"4": 11.765051011905946
		}
	},
	"4": {
		"geo_coord": [
			121.54075400140977,
			25.012744943346576
		],
		"img_coord": [
			5016,
			2380
		],
		"edges": {
			"3": 11.765051011905946,
			"5": 15.410034048239625
		}
	},
	"5": {
		"geo_coord": [
			121.54086286503775,
			25.012842275079464
		],
		"img_coord": [
			4803,
			2375
		],
		"edges": {
			"4": 15.410034048239625,
			"6": 13.01919867680794
		}
	},
	"6": {
		"geo_coord": [
			121.54095587586329,
			25.012923542377067
		],
		"img_coord": [
			4619,
			2370
		],
		"edges": {
			"5": 13.01919867680794,
			"7": 14.745462596054269,
			"37": 13.463772815908628,
			"38": 19.03012125892654
		}
	},
	"7": {
		"geo_coord": [
			121.54106322324071,
			25.013013663861017
		],
		"img_coord": [
			4430,
			2370
		],
		"edges": {
			"6": 14.745462596054269,
			"8": 21.577138408150518
		}
	},
	"8": {
		"geo_coord": [
			121.54121850674198,
			25.013147277303702
		],
		"img_coord": [
			4120,
			2375
		],
		"edges": {
			"7": 21.577138408150518,
			"9": 19.82776823680128
		}
	},
	"9": {
		"geo_coord": [
			121.54136109301913,
			25.013270160756733
		],
		"img_coord": [
			3829,
			2375
		],
		"edges": {
			"8": 19.82776823680128,
			"10": 9.135878987906334
		}
	},
	"10": {
		"geo_coord": [
			121.54142740074536,
			25.013326194378678
		],
		"img_coord": [
			3712,
			2380
		],
		"edges": {
			"9": 9.135878987906334,
			"11": 11.049700222966143,
			"53": 19.441267343263583,
			"54": 13.222809298002996
		}
	},
	"11": {
		"geo_coord": [
			121.54150673449124,
			25.013394796586383
		],
		"img_coord": [
			3557,
			2375
		],
		"edges": {
			"10": 11.049700222966143,
			"12": 17.692873041591888
		}
	},
	"12": {
		"geo_coord": [
			121.5416324872142,
			25.013505843322562
		],
		"img_coord": [
			3315,
			2370
		],
		"edges": {
			"11": 17.692873041591888,
			"13": 18.27171866033746
		}
	},
	"13": {
		"geo_coord": [
			121.54176510266643,
			25.013617910324996
		],
		"img_coord": [
			3048,
			2370
		],
		"edges": {
			"12": 18.27171866033746,
			"14": 20.993017720840747
		}
	},
	"14": {
		"geo_coord": [
			121.54191746935459,
			25.013746668030862
		],
		"img_coord": [
			2772,
			2370
		],
		"edges": {
			"13": 20.993017720840747,
			"15": 16.946155525037863
		}
	},
	"15": {
		"geo_coord": [
			121.54203737257853,
			25.013853530307102
		],
		"img_coord": [
			2539,
			2370
		],
		"edges": {
			"14": 16.946155525037863,
			"16": 14.103725970099187
		}
	},
	"16": {
		"geo_coord": [
			121.5421411934496,
			25.013938596321736
		],
		"img_coord": [
			2336,
			2370
		],
		"edges": {
			"15": 14.103725970099187,
			"17": 6.945936661541376
		}
	},
	"17": {
		"geo_coord": [
			121.54219305075202,
			25.013979750496873
		],
		"img_coord": [
			2239,
			2365
		],
		"edges": {
			"16": 6.945936661541376,
			"18": 30.198185444314674,
			"77": 13.616061757006444
		}
	},
	"18": {
		"geo_coord": [
			121.54241085695946,
			25.014166291185106
		],
		"img_coord": [
			1828,
			2375
		],
		"edges": {
			"17": 30.198185444314674,
			"19": 25.799468034309704
		}
	},
	"19": {
		"geo_coord": [
			121.54259635638988,
			25.01432621532841
		],
		"img_coord": [
			1459,
			2365
		],
		"edges": {
			"18": 25.799468034309704,
			"20": 13.069869395836632
		}
	},
	"20": {
		"geo_coord": [
			121.54268861484354,
			25.014408834518846
		],
		"img_coord": [
			1280,
			2375
		],
		"edges": {
			"19": 13.069869395836632,
			"21": 4.152524352617032
		}
	},
	"21": {
		"geo_coord": [
			121.54272982468211,
			25.014408735194138
		],
		"img_coord": [
			1241,
			2326
		],
		"edges": {
			"20": 4.152524352617032,
			"22": 28.785083382417184
		}
	},
	"22": {
		"geo_coord": [
			121.54293486220405,
			25.014588986023554
		],
		"img_coord": [
			843,
			2331
		],
		"edges": {
			"21": 28.785083382417184,
			"23": 12.273761197151924
		}
	},
	"23": {
		"geo_coord": [
			121.54298733610813,
			25.014688598755228
		],
		"img_coord": [
			669,
			2394
		],
		"edges": {
			"22": 12.273761197151924,
			"24": 15.323292793638453
		}
	},
	"24": {
		"geo_coord": [
			121.54310159262684,
			25.014779538571887
		],
		"img_coord": [
			456,
			2389
		],
		"edges": {
			"23": 15.323292793638453,
			"25": 11.210995805685384
		}
	},
	"25": {
		"geo_coord": [
			121.54318907923624,
			25.014841827439085
		],
		"img_coord": [
			315,
			2375
		],
		"edges": {
			"24": 11.210995805685384
		}
	},
	"26": {
		"geo_coord": [
			121.54192432687307,
			25.011991576592962
		],
		"img_coord": [
			4630,
			404
		],
		"edges": {
			"27": 11.054909797506834
		}
	},
	"27": {
		"geo_coord": [
			121.54184601771294,
			25.012061204953596
		],
		"img_coord": [
			4630,
			574
		],
		"edges": {
			"26": 11.054909797506834,
			"28": 9.28729457092291
		}
	},
	"28": {
		"geo_coord": [
			121.54178595508324,
			25.012124556526004
		],
		"img_coord": [
			4630,
			679
		],
		"edges": {
			"27": 9.28729457092291,
			"29": 9.568192085670473
		}
	},
	"29": {
		"geo_coord": [
			121.54172099300695,
			25.01218731594541
		],
		"img_coord": [
			4629,
			836
		],
		"edges": {
			"28": 9.568192085670473,
			"30": 11.052176255939132
		}
	},
	"30": {
		"geo_coord": [
			121.54164728352623,
			25.01226091942337
		],
		"img_coord": [
			4629,
			971
		],
		"edges": {
			"29": 11.052176255939132,
			"31": 6.331935304644839,
			"60": 15.303608250218721
		}
	},
	"31": {
		"geo_coord": [
			121.54160368520871,
			25.012301927565204
		],
		"img_coord": [
			4629,
			1064
		],
		"edges": {
			"30": 6.331935304644839,
			"32": 14.325154005657398
		}
	},
	"32": {
		"geo_coord": [
			121.54150521169862,
			25.012394844103866
		],
		"img_coord": [
			4629,
			1292
		],
		"edges": {
			"31": 14.325154005657398,
			"33": 18.300520204064522
		}
	},
	"33": {
		"geo_coord": [
			121.54138135197218,
			25.012515210685322
		],
		"img_coord": [
			4629,
			1514
		],
		"edges": {
			"32": 18.300520204064522,
			"34": 16.301304554324698
		}
	},
	"34": {
		"geo_coord": [
			121.54127055472895,
			25.012622030661646
		],
		"img_coord": [
			4629,
			1723
		],
		"edges": {
			"33": 16.301304554324698,
			"35": 12.662496313787026
		}
	},
	"35": {
		"geo_coord": [
			121.54118331210964,
			25.012703989841356
		],
		"img_coord": [
			4624,
			1938
		],
		"edges": {
			"34": 12.662496313787026,
			"36": 7.798246054533802
		}
	},
	"36": {
		"geo_coord": [
			121.54113053269208,
			25.01275528063509
		],
		"img_coord": [
			4624,
			2029
		],
		"edges": {
			"35": 7.798246054533802,
			"37": 12.224063578462124
		}
	},
	"37": {
		"geo_coord": [
			121.54104832693997,
			25.012836124678245
		],
		"img_coord": [
			4624,
			2179
		],
		"edges": {
			"6": 13.463772815908628,
			"36": 12.224063578462124
		}
	},
	"38": {
		"geo_coord": [
			121.54082262193873,
			25.0130448168444
		],
		"img_coord": [
			4624,
			2642
		],
		"edges": {
			"6": 19.03012125892654,
			"39": 16.561895024996762
		}
	},
	"39": {
		"geo_coord": [
			121.54070990210153,
			25.013153215716358
		],
		"img_coord": [
			4629,
			2879
		],
		"edges": {
			"38": 16.561895024996762,
			"40": 12.836153424869035,
			"78": 14.560593899814434
		}
	},
	"40": {
		"geo_coord": [
			121.54062131337218,
			25.013236168220544
		],
		"img_coord": [
			4629,
			3059
		],
		"edges": {
			"39": 12.836153424869035,
			"41": 17.66587960593052
		}
	},
	"41": {
		"geo_coord": [
			121.5405498047133,
			25.013381224676834
		],
		"img_coord": [
			4552,
			3291
		],
		"edges": {
			"40": 17.66587960593052,
			"42": 12.625064846189868
		}
	},