{
    "theta_deg" : -136.5,
    "base" : [121.54441046735, 25.01390096878],
    "c12" : [6.897990354192532e-7, 6.927730843184932e-7],
    "c34" : [1448740.1933143984, 1451271.8357635792]
}